name,isin,yfinance_ticker,etoro_ticker,ric,exchange,country_hq,currency,gics_code
Agilent Technologies Inc,US00846U1016,A,,A.N,NYS,US,USD,35203010
Airtel Africa PLC,GB00BKDRYJ47,AAF.L,,AAF.L,LSE,GB,GBp,50102010
Anglo American PLC,GB00BTK05J60,AAL.L,,AAL.L,LSE,GB,GBp,15104020
Apple Inc,US0378331005,AAPL,AAPL,AAPL.OQ,NSM,US,USD,45202030
AbbVie Inc,US00287Y1091,ABBV,,ABBV.N,NYS,US,USD,35201010
Associated British Foods PLC,GB0006731235,ABF.L,,ABF.L,LSE,GB,GBp,30202030
Anheuser-Busch Inbev SA,BE0974293251,ABI.BR,,ABI.BR,BRU,BE,EUR,30201010
Airbnb Inc,US0090661010,ABNB,,ABNB.OQ,NSM,US,USD,25301020
Abbott Laboratories,US0028241000,ABT,,ABT.N,NYS,US,USD,35101010
Accor SA,FR0000120404,AC.PA,,ACCP.PA,PAR,FR,EUR,25301020
Arch Capital Group Ltd,BMG0450A1053,ACGL,,ACGL.OQ,NSM,BM,USD,40301040
Accenture PLC,IE00B4BNMY34,ACN,,ACN.N,NYS,IE,USD,45102010
Koninklijke Ahold Delhaize NV,NL0011794037,AD.AS,,AD.AS,AEX,NL,EUR,30101030
Adobe Inc,US00724F1012,ADBE,ADBE,ADBE.OQ,NSM,US,USD,45103010
Analog Devices Inc,US0326541051,ADI,,ADI.OQ,NSM,US,USD,45301020
Archer-Daniels-Midland Co,US0394831020,ADM,,ADM.N,NYS,US,USD,30202010
Admiral Group PLC,GB00B02J6398,ADM.L,,ADML.L,LSE,GB,GBp,40301040
Automatic Data Processing Inc,US0530151036,ADP,,ADP.OQ,NSM,US,USD,20202010
Adidas AG,DE000A1EWWW0,ADS.DE,,ADSGn.DE,GER,DE,EUR,25203010
Autodesk Inc,US0527691069,ADSK,,ADSK.OQ,NSM,US,USD,45103010
Adyen NV,NL0012969182,ADYEN.AS,,ADYEN.AS,AEX,NL,EUR,40201060
Ameren Corp,US0236081024,AEE,,AEE.N,NYS,US,USD,55103010
American Electric Power Company Inc,US0255371017,AEP,,AEP.OQ,NSM,US,USD,55101010
AES Corp,US00130H1059,AES,,AES.N,NYS,US,USD,55105010
Aflac Inc,US0010551028,AFL,,AFL.N,NYS,US,USD,40301020
Ashtead Group PLC,GB0000536739,AHT.L,,AHT.L,LSE,GB,GBp,20107010
American International Group Inc,US0268747849,AIG,,AIG.N,NYS,US,USD,40301040
Airbus SE,NL0000235190,AIR.PA,,AIR.PA,PAR,NL,EUR,20101010
L'Air Liquide Societe Anonyme pour l'Etude et l'Exploitation des Procedes Georges Claude SA,FR0000120073,AI.PA,,AIRP.PA,PAR,FR,EUR,15101040
Assurant Inc,US04621X1081,AIZ,,AIZ.N,NYS,US,USD,40301040
Arthur J. Gallagher & Co.,US3635761097,AJG,,AJG.N,NYS,US,USD,40301010
Akamai Technologies Inc,US00971T1016,AKAM,,AKAM.OQ,NSM,US,USD,45102030
Albemarle Corp,US0126531013,ALB,,ALB.N,NYS,US,USD,15101050
Align Technology Inc,US0162551016,ALGN,,ALGN.OQ,NSM,US,USD,35101020
Allstate Corp,US0200021014,ALL,,ALL.N,NYS,US,USD,40301040
Allegion PLC,IE00BFRT3W74,ALLE,,ALLE.N,NYS,IE,USD,20102010
Ally Financial Inc,US02005N1000,ALLY,ALLY,ALLY.K,NYQ,US,USD,40202010
Alnylam Pharmaceuticals Inc,US02043Q1076,ALNY,,ALNY.OQ,NSM,US,USD,35201010
Allianz SE,DE0008404005,ALV.DE,,ALVG.DE,GER,DE,EUR,40301030
Applied Materials Inc,US0382221051,AMAT,AMAT,AMAT.OQ,NSM,US,USD,45301010
Amcor PLC,JE00BV7DQ550,AMCR,,AMCR.N,NYS,CH,USD,15103020
Advanced Micro Devices Inc,US0079031078,AMD,AMD,AMD.OQ,NSM,US,USD,45301020
AMETEK Inc,US0311001004,AME,,AME.N,NYS,US,USD,20104010
Amgen Inc,US0311621009,AMGN,,AMGN.OQ,NSM,US,USD,35201010
Ameriprise Financial Inc,US03076C1062,AMP,,AMP.N,NYS,US,USD,40203010
American Tower Corp,US03027X1000,AMT,,AMT.N,NYS,US,USD,60108030
Amazon.com Inc,US0231351067,AMZN,AMZN,AMZN.OQ,NSM,US,USD,25503030
Arista Networks Inc,US0404132054,ANET,,ANET.N,NYS,US,USD,45201020
Antofagasta PLC,GB0000456144,ANTO.L,,ANTO.L,LSE,GB,GBp,15104025
Aon PLC,IE00BLP1HW54,AON,AON,AON.N,NYS,IE,USD,40301010
A O Smith Corp,US8318652091,AOS,,AOS.N,NYS,US,USD,20102010
APA Corp (US),US03743Q1085,APA,,APA.OQ,NSM,US,USD,10102020
Air Products and Chemicals Inc,US0091581068,APD,,APD.N,NYS,US,USD,15101040
Amphenol Corp,US0320951017,APH,,APH.N,NYS,US,USD,45203015
Apollo Global Management Inc,US03769M1062,APO,,APO.N,NYS,US,USD,40201020
Applovin Corp,US03831W1080,APP,,APP.OQ,NSM,US,USD,45103010
Aptiv PLC,JE00BTDN8H13,APTV,,APTV.N,NYS,CH,USD,25101010
Alexandria Real Estate Equities Inc,US0152711091,ARE,,ARE.N,NYS,US,USD,60105010
Ares Management Corp,US03990B1017,ARES,,ARES.N,NYS,US,USD,40203010
argenx SE,NL0010832176,ARGX.BR,,ARGX.BR,BRU,NL,EUR,35201010
Arm Holdings PLC,US0420682058,ARM,ARM,ARM.OQ,NSM,GB,USD,45301020
ASML Holding NV,USN070592100,ASML,ASML,ASML.OQ,NSM,NL,USD,45301010
Atmos Energy Corp,US0495601058,ATO,,ATO.N,NYS,US,USD,55102010
Autotrader Group PLC,GB00BVYVFW23,AUTO.L,,AUTOA.L,LSE,GB,GBp,50203010
Aviva PLC,GB00BPQY8M80,AV.L,,AV.L,LSE,GB,GBp,40301030
AvalonBay Communities Inc,US0534841012,AVB,,AVB.N,NYS,US,USD,60106010
Broadcom Inc,US11135F1012,AVGO,AVGO,AVGO.OQ,NSM,US,USD,45301020
Avery Dennison Corp,US0536111091,AVY,,AVY.N,NYS,US,USD,15103020
American Water Works Co Inc,US0304201033,AWK,,AWK.N,NYS,US,USD,55104010
AXA SA,FR0000120628,CS.PA,,AXAF.PA,PAR,FR,EUR,40301030
Axon Enterprise Inc,US05464C1018,AXON,,AXON.OQ,NSM,US,USD,20101010
American Express Co,US0258161092,AXP,AXP,AXP.N,NYS,US,USD,40202010
AstraZeneca PLC,GB0009895292,AZN.L,,AZN.L,LSE,GB,GBp,35202010
Autozone Inc,US0533321024,AZO,,AZO.N,NYS,US,USD,25504050
Boeing Co,US0970231058,BA,BA,BA.N,NYS,US,USD,20101010
Babcock International Group PLC,GB0009697037,BAB.L,,BAB.L,LSE,GB,GBp,20101010
Alibaba Group Holding Ltd,US01609W1027,BABA,BABA,BABA.K,NYQ,HK,USD,25503030
Bank of America Corp,US0605051046,BAC,BAC,BAC.N,NYS,US,USD,40101010
BAE Systems PLC,GB0002634946,BA.L,BA.L,BAES.L,LSE,GB,GBp,20101010
Ball Corp,US0584981064,BALL,,BALL.N,NYS,US,USD,15103010
Barclays PLC,GB0031348658,BARC.L,,BARC.L,LSE,GB,GBp,40101010
BASF SE,DE000BASF111,BAS.DE,,BASFn.DE,GER,DE,EUR,15101020
British American Tobacco plc,GB0002875804,BATS.L,,BATS.L,LSE,GB,GBp,30203010
Baxter International Inc,US0718131099,BAX,,BAX.N,NYS,US,USD,35101010
Bayer AG,DE000BAY0017,BAYN.DE,,BAYGn.DE,GER,DE,EUR,35202010
Banco Bilbao Vizcaya Argentaria SA,ES0113211835,BBVA.MC,,BBVA.MC,MCE,ES,EUR,40101010
Best Buy Co Inc,US0865161014,BBY,,BBY.N,NYS,US,USD,25504020
Becton Dickinson and Co,US0758871091,BDX,,BDX.N,NYS,US,USD,35101010
Beiersdorf AG,DE0005200000,BEI.DE,,BEIG.DE,GER,DE,EUR,30302010
Franklin Resources Inc,US3546131018,BEN,,BEN.N,NYS,US,USD,40203010
Beazley PLC,GB00BYQ0JC66,BEZ.L,,BEZG.L,LSE,GB,GBp,40301040
Brown-Forman Corp,US1156372096,BF-B,,BFb.N,NYS,US,USD,30201020
Bunge Global ltd,CH1300646267,BG,,BG.N,NYS,US,USD,30202010
Biogen Inc,US09062X1037,BIIB,,BIIB.OQ,NSM,US,USD,35201010
Bank of New York Mellon Corp,US0640581007,BK,,BK.N,NYS,US,USD,40203010
Berkeley Group Holdings PLC,GB00BP0RGD03,BKG.L,,BKGH.L,LSE,GB,GBp,25201030
Booking Holdings Inc,US09857L1089,BKNG,,BKNG.OQ,NSM,US,USD,25301020
Baker Hughes Co,US05722G1004,BKR,,BKR.OQ,NSM,US,USD,10101020
Builders FirstSource Inc,US12008R1077,BLDR,,BLDR.N,NYS,US,USD,20102010
BlackRock Inc,US09290D1019,BLK,,BLK.N,NYS,US,USD,40203010
British Land Company PLC,GB0001367019,BLND.L,,BLND.L,LSE,GB,GBp,60101010
Bayerische Motoren Werke AG,DE0005190003,BMW.DE,,BMWG.DE,GER,DE,EUR,25102010
Bristol-Myers Squibb Co,US1101221083,BMY,,BMY.N,NYS,US,USD,35202010
BNP Paribas SA,FR0000131104,BNP.PA,,BNPP.PA,PAR,FR,EUR,40101010
Brenntag SE,DE000A1DAHH0,BNR.DE,,BNRGn.DE,GER,DE,EUR,20107010
Bunzl plc,GB00B0744B38,BNZL.L,,BNZL.L,LSE,GB,GBp,20107010
Bouygues SA,FR0000120503,EN.PA,,BOUY.PA,PAR,FR,EUR,20103010
BP PLC,GB0007980591,BP.L,,BP.L,LSE,GB,GBp,10102010
Broadridge Financial Solutions Inc,US11133T1034,BR,,BR.N,NYS,US,USD,20202030
Burberry Group PLC,GB0031743007,BRBY.L,,BRBY.L,LSE,GB,GBp,25203010
Berkshire Hathaway Inc,US0846707026,BRK-B,BRK.B,BRKb.N,NYS,US,USD,40201030
Brown & Brown Inc,US1152361010,BRO,,BRO.N,NYS,US,USD,40301010
Boston Scientific Corp,US1011371077,BSX,,BSX.N,NYS,US,USD,35101010
BT Group PLC,GB0030913577,BT-A.L,,BT.L,LSE,GB,GBp,50101020
Barratt Redrow PLC,GB0000811801,BTRW.L,,BTRW.L,LSE,GB,GBp,25201030
Bureau Veritas SA,FR0006174348,BVI.PA,,BVI.PA,PAR,FR,EUR,20202020
Blackstone Inc,US09260D1072,BX,,BX.N,NYS,US,USD,40203010
BXP Inc,US1011211018,BXP,,BXP.N,NYS,US,USD,60104010
Citigroup Inc,US1729674242,C,C,C.N,NYS,US,USD,40101010
Conagra Brands Inc,US2058871029,CAG,,CAG.N,NYS,US,USD,30202030
Credit Agricole SA,FR0000045072,ACA.PA,,CAGR.PA,PAR,FR,EUR,40101010
Cardinal Health Inc,US14149Y1082,CAH,,CAH.N,NYS,US,USD,35102010
Capgemini SE,FR0000125338,CAP.PA,,CAPP.PA,PAR,FR,EUR,45102010
Carrier Global Corp,US14448C1045,CARR,,CARR.N,NYS,US,USD,20102010
Carrefour SA,FR0000120172,CA.PA,,CARR.PA,PAR,FR,EUR,30101040
Caterpillar Inc,US1491231015,CAT,,CAT.N,NYS,US,USD,20106010
Chubb Ltd,CH0044328745,CB,CB,CB.N,NYS,CH,USD,40301040
Commerzbank AG,DE000CBK1001,CBK.DE,,CBKG.DE,GER,DE,EUR,40101010
Cboe Global Markets Inc,US12503M1080,CBOE,,CBOE.Z,BAT,US,USD,40203040
CBRE Group Inc,US12504L1098,CBRE,,CBRE.N,NYS,US,USD,60201040
Coca-Cola Europacific Partners PLC,GB00BDCPN049,CCEP,,CCEP.OQ,NSM,GB,USD,30201030
Coca Cola HBC AG,CH0198251305,CCH.L,,CCH.L,LSE,CH,GBp,30201030
Crown Castle Inc,US22822V1017,CCI,,CCI.N,NYS,US,USD,60108030
Carnival Corp,PA1436583006,CCL,,CCL.N,NYS,US,USD,25301020
Cadence Design Systems Inc,US1273871087,CDNS,,CDNS.OQ,NSM,US,USD,45103010
CDW Corp,US12514G1085,CDW,,CDW.OQ,NSM,US,USD,45203030
Constellation Energy Corp,US21037T1097,CEG,,CEG.OQ,NSM,US,USD,55101010
CF Industries Holdings Inc,US1252691001,CF,,CF.N,NYS,US,USD,15101030
Citizens Financial Group Inc,US1746101054,CFG,,CFG.N,NYS,US,USD,40101015
Church & Dwight Co Inc,US1713401024,CHD,,CHD.N,NYS,US,USD,30301010
CH Robinson Worldwide Inc,US12541W2098,CHRW,CHRW,CHRW.OQ,NSM,US,USD,20301010
Charter Communications Inc,US16119P1084,CHTR,CHTR,CHTR.OQ,NSM,US,USD,50201030
Cigna Group,US1255231003,CI,,CI.N,NYS,US,USD,35102015
Cincinnati Financial Corp,US1720621010,CINF,,CINF.OQ,NSM,US,USD,40301040
Colgate-Palmolive Co,US1941621039,CL,,CL.N,NYS,US,USD,30301010
Clorox Co,US1890541097,CLX,,CLX.N,NYS,US,USD,30301010
Comcast Corp,US20030N1019,CMCSA,,CMCSA.OQ,NSM,US,USD,50101020
CME Group Inc,US12572Q1058,CME,,CME.OQ,NSM,US,USD,40203040
Chipotle Mexican Grill Inc,US1696561059,CMG,,CMG.N,NYS,US,USD,25301040
Cummins Inc,US2310211063,CMI,,CMI.N,NYS,US,USD,20106010
CMS Energy Corp,US1258961002,CMS,,CMS.N,NYS,US,USD,55103010
Centrica PLC,GB00B033F229,CNA.L,,CNA.L,LSE,GB,GBp,55103010
Centene Corp,US15135B1017,CNC,,CNC.N,NYS,US,USD,35102030
Canadian National Railway Co,CA1363751027,CNI,,CNI.N,NYS,CA,USD,20304010
CenterPoint Energy Inc,US15189T1079,CNP,,CNP.N,NYS,US,USD,55103010
Capital One Financial Corp,US14040H1059,COF,COF,COF.N,NYS,US,USD,40202010
Coinbase Global Inc,US19260Q1076,COIN,,COIN.OQ,NSM,US,USD,40203040
Continental AG,DE0005439004,CON.DE,,CONG.DE,GER,DE,EUR,25101020
Cooper Companies Inc,US2166485019,COO,,COO.OQ,NSM,US,USD,35101020
ConocoPhillips,US20825C1045,COP,,COP.N,NYS,US,USD,10102020
Cencora Inc,US03073E1055,COR,,COR.N,NYS,US,USD,35102010
Costco Wholesale Corp,US22160K1051,COST,,COST.OQ,NSM,US,USD,30101040
Corpay Inc,US2199481068,CPAY,,CPAY.N,NYS,US,USD,40201060
Campbell's Co,US1344291091,CPB,,CPB.OQ,NSM,US,USD,30202030
Compass Group PLC,GB00BD6K4575,CPG.L,,CPG.L,LSE,GB,GBp,25301040
Copart Inc,US2172041061,CPRT,,CPRT.OQ,NSM,US,USD,20201070
Camden Property Trust,US1331311027,CPT,,CPT.N,NYS,US,USD,60106010
Croda International PLC,GB00BJFFLV09,CRDA.L,,CRDA.L,LSE,GB,GBp,15101050
UniCredit SpA,IT0005239360,UCG.MI,,CRDI.MI,MIL,IT,EUR,40101010
CRH PLC,IE0001827041,CRH,,CRH.N,NYS,IE,USD,15102010
Charles River Laboratories International Inc,US1598641074,CRL,,CRL.N,NYS,US,USD,35203010
Salesforce Inc,US79466L3024,CRM,CRM,CRM.N,NYS,US,USD,45103010
CrowdStrike Holdings Inc,US22788C1053,CRWD,CRWD,CRWD.OQ,NSM,US,USD,45103020
Cisco Systems Inc,US17275R1023,CSCO,,CSCO.OQ,NSM,US,USD,45201020
CoStar Group Inc,US22160N1090,CSGP,,CSGP.OQ,NSM,US,USD,60201040
CSX Corp,US1264081035,CSX,CSX,CSX.OQ,NSM,US,USD,20304010
Cintas Corp,US1729081059,CTAS,,CTAS.OQ,NSM,US,USD,20201070
ConvaTec Group PLC,GB00BD3VFW73,CTEC.L,,CTEC.L,LSE,GB,GBp,35101020
Coterra Energy Inc,US1270971039,CTRA,,CTRA.N,NYS,US,USD,10102020
Cognizant Technology Solutions Corp,US1924461023,CTSH,,CTSH.OQ,NSM,US,USD,45102010
Corteva Inc,US22052L1044,CTVA,,CTVA.N,NYS,US,USD,15101030
Carvana Co,US1468691027,CVNA,,CVNA.N,NYS,US,USD,25504050
CVS Health Corp,US1266501006,CVS,,CVS.N,NYS,US,USD,35102015
Chevron Corp,US1667641005,CVX,CVX,CVX.N,NYS,US,USD,10102010
Dominion Energy Inc,US25746U1097,D,,D.N,NYS,US,USD,55103010
Delta Air Lines Inc,US2473617023,DAL,DAL,DAL.N,NYS,US,USD,20302010
Danone SA,FR0000120644,BN.PA,,DANO.PA,PAR,FR,EUR,30202030
DoorDash Inc,US25809K1051,DASH,,DASH.OQ,NSM,US,USD,25301040
Dassault Systemes SE,FR0014003TT8,DSY.PA,,DAST.PA,PAR,FR,EUR,45103010
Deutsche Boerse AG,DE0005810055,DB1.DE,,DB1Gn.DE,GER,DE,EUR,40203040
Deutsche Bank AG,DE0005140008,DBK.DE,,DBKGn.DE,GER,DE,EUR,40203030
DCC PLC,IE0002424939,DCC.L,,DCC.L,LSE,IE,GBp,20105010
Dupont De Nemours Inc,US26614N1028,DD,,DD.N,NYS,US,USD,15101050
Datadog Inc,US23804L1035,DDOG,,DDOG.OQ,NSM,US,USD,45103010
Deere & Co,US2441991054,DE,,DE.N,NYS,US,USD,20106015
Deckers Outdoor Corp,US2435371073,DECK,,DECK.N,NYS,US,USD,25203020
Dell Technologies Inc,US24703L2025,DELL,,DELL.N,NYS,US,USD,45202030
Dollar General Corp,US2566771059,DG,,DG.N,NYS,US,USD,30101040
Diageo PLC,GB0002374006,DGE.L,,DGE.L,LSE,GB,GBp,30201020
Quest Diagnostics Inc,US74834L1008,DGX,,DGX.N,NYS,US,USD,35102015
D.R. Horton Inc,US23331A1097,DHI,,DHI.N,NYS,US,USD,25201030
Deutsche Post AG,DE0005552004,DHL.DE,DHL.DE,DHLn.DE,GER,DE,EUR,20301010
Danaher Corp,US2358511028,DHR,,DHR.N,NYS,US,USD,35203010
DHT Holdings Inc,MHY2065G1219,DHT,,DHT.N,NYS,BM,USD,10102040
Walt Disney Co,US2546871060,DIS,,DIS.N,NYS,US,USD,50202010
Digital Realty Trust Inc,US2538681030,DLR,,DLR.N,NYS,US,USD,60108050
Dollar Tree Inc,US2567461080,DLTR,,DLTR.OQ,NSM,US,USD,30101040
Healthpeak Properties Inc,US42250P1030,DOC,,DOC.N,NYS,US,USD,60105010
Dover Corp,US2600031080,DOV,,DOV.N,NYS,US,USD,20106020
Dow Inc,US2605571031,DOW,,DOW.N,NYS,US,USD,15101010
Diploma PLC,GB0001826634,DPLM.L,,DPLM.L,LSE,GB,GBp,20107010
Domino's Pizza Inc,US25754A2015,DPZ,DPZ,DPZ.OQ,NSM,US,USD,25301040
Darden Restaurants Inc,US2371941053,DRI,,DRI.N,NYS,US,USD,25301040
DSV A/S,DK0060079531,DSV.CO,DSV,DSV.CO,CPH,DK,DKK,20301010
DTE Energy Co,US2333311072,DTE,,DTE.N,NYS,US,USD,55103010
Deutsche Telekom AG,DE0005557508,DTE.DE,,DTEGn.DE,GER,DE,EUR,50101020
Daimler Truck Holding AG,DE000DTR0CK8,DTG.DE,,DTGGe.DE,GER,DE,EUR,20106010
Duke Energy Corp,US26441C2044,DUK,,DUK.N,NYS,US,USD,55101010
DaVita Inc,US23918K1088,DVA,DVA,DVA.N,NYS,US,USD,35102015
Devon Energy Corp,US25179M1036,DVN,,DVN.N,NYS,US,USD,10102020
Dexcom Inc,US2521311074,DXCM,,DXCM.OQ,NSM,US,USD,35101010
Electronic Arts Inc,US2855121099,EA,,EA.OQ,NSM,US,USD,50202020
eBay Inc,US2786421030,EBAY,,EBAY.OQ,NSM,US,USD,25503030
Ecolab Inc,US2788651006,ECL,,ECL.N,NYS,US,USD,15101050
Consolidated Edison Inc,US2091151041,ED,,ED.N,NYS,US,USD,55103010
Endeavour Mining plc,GB00BL6K5J42,EDV.TO,,EDV.TO,TOR,GB,CAD,15104030
Equifax Inc,US2944291051,EFX,,EFX.N,NYS,US,USD,20202020
Everest Group Ltd,BMG3223R1088,EG,,EG.N,NYS,BM,USD,40301050
Edison International,US2810201077,EIX,,EIX.N,NYS,US,USD,55101010
Estee Lauder Companies Inc,US5184391044,EL,,EL.N,NYS,US,USD,30302010
Elevance Health Inc,US0367521038,ELV,,ELV.N,NYS,US,USD,35102030
EMCOR Group Inc,US29084Q1004,EME,,EME.N,NYS,US,USD,20103010
Emerson Electric Co,US2910111044,EMR,,EMR.N,NYS,US,USD,20104010
Enel SpA,IT0003128367,ENEL.MI,,ENEI.MI,MIL,IT,EUR,55101010
Engie SA,FR0010208488,ENGI.PA,,ENGIE.PA,PAR,FR,EUR,55103010
Eni SpA,IT0003132476,ENI.MI,,ENI.MI,MIL,IT,EUR,10102010
Siemens Energy AG,DE000ENER6Y0,ENR.DE,,ENR1n.DE,GER,DE,EUR,20104020
Entain PLC,IM00B5VQMV65,ENT.L,,ENT.L,LSE,GB,GBp,25301010
Euronext NV,NL0006294274,ENX.PA,,ENX.PA,PAR,NL,EUR,40203040
EOG Resources Inc,US26875P1012,EOG,,EOG.N,NYS,US,USD,10102020
E.ON SE,DE000ENAG999,EOAN.DE,,EONGn.DE,GER,DE,EUR,55103010
Epam Systems Inc,US29414B1044,EPAM,,EPAM.N,NYS,US,USD,45102010
Equinix Inc,US29444U7000,EQIX,,EQIX.OQ,NSM,US,USD,60108050
Equity Residential,US29476L1070,EQR,,EQR.N,NYS,US,USD,60106010
EQT Corp,US26884L1098,EQT,,EQT.N,NYS,US,USD,10102020
Erie Indemnity Co,US29530P1021,ERIE,,ERIE.OQ,NSM,US,USD,40301040
Eversource Energy,US30040W1080,ES,,ES.N,NYS,US,USD,55101010
EssilorLuxottica SA,FR0000121667,EL.PA,,ESLX.PA,PAR,FR,EUR,35101020
Essex Property Trust Inc,US2971781057,ESS,,ESS.N,NYS,US,USD,60106010
Eaton Corporation PLC,IE00B8KQN827,ETN,,ETN.N,NYS,IE,USD,20104010
Entergy Corp,US29364G1031,ETR,,ETR.N,NYS,US,USD,55101010
Eurofins Scientific SE,FR0014000MR3,ERF.PA,,EUFI.PA,PAR,LU,EUR,35203010
Evergy Inc,US30034W1062,EVRG,,EVRG.OQ,NSM,US,USD,55101010
Edwards Lifesciences Corp,US28176E1082,EW,,EW.N,NYS,US,USD,35101010
Exelon Corp,US30161N1019,EXC,,EXC.OQ,NSM,US,USD,55101010
Expand Energy Corp,US1651677353,EXE,,EXE.OQ,NSM,US,USD,10102020
Expeditors International of Washington Inc,US3021301094,EXPD,EXPD,EXPD.N,NYS,US,USD,20301010
Expedia Group Inc,US30212P3038,EXPE,,EXPE.OQ,NSM,US,USD,25301020
Experian PLC,GB00B19NLV48,EXPN.L,,EXPN.L,LSE,IE,GBp,20202020
Extra Space Storage Inc,US30225T1025,EXR,,EXR.N,NYS,US,USD,60108020
Easyjet PLC,GB00B7KR2P84,EZJ.L,,EZJ.L,LSE,GB,GBp,20302010
Ford Motor Co,US3453708600,F,,F.N,NYS,US,USD,25102010
Diamondback Energy Inc,US25278X1090,FANG,,FANG.OQ,NSM,US,USD,10102020
Fastenal Co,US3119001044,FAST,,FAST.OQ,NSM,US,USD,20107010
Freeport-McMoRan Inc,US35671D8570,FCX,,FCX.N,NYS,US,USD,15104025
Factset Research Systems Inc,US3030751057,FDS,,FDS.N,NYS,US,USD,40203040
FedEx Corp,US31428X1063,FDX,FDX,FDX.N,NYS,US,USD,20301010
FirstEnergy Corp,US3379321074,FE,,FE.N,NYS,US,USD,55101010
Ferrovial SE,NL0015001FS8,FER.MC,,FER.MC,MCE,NL,EUR,20103010
F5 Inc,US3156161024,FFIV,,FFIV.OQ,NSM,US,USD,45201020
Fair Isaac Corp,US3032501047,FICO,,FICO.N,NYS,US,USD,45103010
Fidelity National Information Services Inc,US31620M1062,FIS,,FIS.N,NYS,US,USD,40201060
Fiserv Inc,US3377381088,FISV,,FISV.OQ,NSM,US,USD,40201060
Fifth Third Bancorp,US3167731005,FITB,,FITB.OQ,NSM,US,USD,40101010
Comfort Systems USA Inc,US1999081045,FIX,,FIX.N,NYS,US,USD,20103010
Fresenius Medical Care AG,DE0005785802,FME.DE,,FMEG.DE,GER,DE,EUR,35102015
Floor & Decor Holdings Inc,US3397501012,FND,,FND.N,NYS,US,USD,25504030
Eiffage SA,FR0000130452,FGR.PA,,FOUG.PA,PAR,FR,EUR,20103010
Fox Corp (Class B),US35137L2043,FOX,,FOX.OQ,NSM,US,USD,50201020
Fox Corp (Class A),US35137L1052,FOXA,,FOXA.OQ,NSM,US,USD,50201020
Fresenius SE & Co KGaA,DE0005785604,FRE.DE,,FREG.DE,GER,DE,EUR,35102015
Fresnillo PLC,GB00B2QPKJ12,FRES.L,,FRES.L,LSE,MX,GBp,15104045
Frontline Plc,CY0200352116,FRO,,FRO.N,NYS,CY,USD,10102040
Federal Realty Investment Trust,US3137451015,FRT,,FRT.N,NYS,US,USD,60107010
First Solar Inc,US3364331070,FSLR,,FSLR.OQ,NSM,US,USD,45301020
Fortinet Inc,US34959E1091,FTNT,,FTNT.OQ,NSM,US,USD,45103020
Fortive Corp,US34959J1088,FTV,,FTV.N,NYS,US,USD,20106020
GEA Group AG,DE0006602006,G1A.DE,,G1AG.DE,GER,DE,EUR,20106020
Scout24 SE,DE000A12DM80,G24.DE,,G24n.DE,GER,DE,EUR,50203010
Games Workshop Group PLC,GB0003718474,GAW.L,,GAW.L,LSE,GB,GBp,25202010
General Dynamics Corp,US3695501086,GD,,GD.N,NYS,US,USD,20101010
GoDaddy Inc,US3802371076,GDDY,,GDDY.N,NYS,US,USD,45102030
General Electric Co,US3696043013,GE,GE,GE.N,NYS,US,USD,20101010
GE Healthcare Technologies Inc,US36266G1076,GEHC,,GEHC.OQ,NSM,US,USD,35101010
Gen Digital Inc,US6687711084,GEN,,GEN.OQ,NSM,US,USD,45103020
GE Vernova Inc,US36828A1016,GEV,,GEV.N,NYS,US,USD,20104020
Gilead Sciences Inc,US3755581036,GILD,,GILD.OQ,NSM,US,USD,35201010
General Mills Inc,US3703341046,GIS,,GIS.N,NYS,US,USD,30202030
Globe Life Inc,US37959E1029,GL,,GL.N,NYS,US,USD,40301020
Glencore PLC,JE00B4T3BW64,GLEN.L,,GLEN.L,LSE,CH,GBp,15104020
Corning Inc,US2193501051,GLW,,GLW.N,NYS,US,USD,45203015
General Motors Co,US37045V1008,GM,,GM.N,NYS,US,USD,25102010
Genco Shipping & Trading Ltd,MHY2685T1313,GNK,GNK.US,GNK.N,NYS,US,USD,20303010
Generac Holdings Inc,US3687361044,GNRC,,GNRC.N,NYS,US,USD,20104010
Alphabet Inc,US02079K1079,GOOG,GOOG,GOOG.OQ,NSM,US,USD,50203010
Alphabet Inc (Class A),US02079K3059,GOOGL,GOOGL,GOOGL.OQ,NSM,US,USD,50203010
Genuine Parts Co,US3724601055,GPC,,GPC.N,NYS,US,USD,25501010
Global Payments Inc,US37940X1028,GPN,,GPN.N,NYS,US,USD,40201060
Garmin Ltd,CH0114405324,GRMN,,GRMN.N,NYS,CH,USD,25201010
Goldman Sachs Group Inc,US38141G1040,GS,,GS.N,NYS,US,USD,40203020
GSK plc,GB00BN7SWP63,GSK.L,,GSK.L,LSE,GB,GBp,35202010
WW Grainger Inc,US3848021040,GWW,,GWW.N,NYS,US,USD,20107010
GXO Logistics Inc,US36262G1013,GXO,GXO,GXO.N,NYS,US,USD,20301010
Halliburton Co,US4062161017,HAL,,HAL.N,NYS,US,USD,10101020
Hasbro Inc,US4180561072,HAS,,HAS.OQ,NSM,US,USD,25202010
Huntington Bancshares Inc,US4461501045,HBAN,,HBAN.OQ,NSM,US,USD,40101015
HCA Healthcare Inc,US40412C1018,HCA,,HCA.N,NYS,US,USD,35102020
Home Depot Inc,US4370761029,HD,,HD.N,NYS,US,USD,25504030
Heidelberg Materials AG,DE0006047004,HEI.DE,,HEIG.DE,GER,DE,EUR,15102010
Hartford Insurance Group Inc,US4165151048,HIG,,HIG.N,NYS,US,USD,40301040
Huntington Ingalls Industries Inc,US4464131063,HII,,HII.N,NYS,US,USD,20101010
Hikma Pharmaceuticals PLC,GB00B0LCW083,HIK.L,,HIK.L,LSE,GB,GBp,35202010
Halma PLC,GB0004052071,HLMA.L,,HLMA.L,LSE,GB,GBp,45203010
Haleon PLC,GB00BMX86B70,HLN.L,,HLN.L,LSE,GB,GBp,35202010
Hilton Worldwide Holdings Inc,US43300A2033,HLT,,HLT.N,NYS,US,USD,25301020
Henkel AG & Co KGaA,DE0006048432,HEN3.DE,,HNKG_p.DE,GER,DE,EUR,30301010
Hannover Rueck SE,DE0008402215,HNR1.DE,,HNRGn.DE,GER,DE,EUR,40301050
Hologic Inc,US4364401012,HOLX,,HOLX.OQ,NSM,US,USD,35101010
Honeywell International Inc,US4385161066,HON,,HON.OQ,NSM,US,USD,20105010
Robinhood Markets Inc,US7707001027,HOOD,,HOOD.OQ,NSM,US,USD,40203020
Hewlett Packard Enterprise Co,US42824C1099,HPE,,HPE.N,NYS,US,USD,45202030
HP Inc,US40434L1052,HPQ,,HPQ.N,NYS,US,USD,45202030
Hormel Foods Corp,US4404521001,HRL,,HRL.N,NYS,US,USD,30202030
Hermes International SCA,FR0000052292,RMS.PA,,HRMS.PA,PAR,FR,EUR,25203010
HSBC Holdings PLC,GB0005405286,HSBA.L,,HSBA.L,LSE,GB,GBp,40101010
Henry Schein Inc,US8064071025,HSIC,,HSIC.OQ,NSM,US,USD,35102010
Host Hotels & Resorts Inc,US44107P1049,HST,,HST.OQ,NSM,US,USD,60103010
Hiscox Ltd,BMG4593F1389,HSX.L,,HSX.L,LSE,BM,GBp,40301040
Hershey Co,US4278661081,HSY,,HSY.N,NYS,US,USD,30202030
Hubbell Inc,US4435106079,HUBB,,HUBB.N,NYS,US,USD,20104010
Hub Group Inc,US4433201062,HUBG,HUBG,HUBG.O,NSQ,US,USD,20301010
Humana Inc,US4448591028,HUM,,HUM.N,NYS,US,USD,35102030
Howden Joinery Group PLC,GB0005576813,HWDN.L,,HWDN.L,LSE,GB,GBp,20107010
Howmet Aerospace Inc,US4432011082,HWM,,HWM.N,NYS,US,USD,20101010
Iberdrola SA,ES0144580Y14,IBE.MC,,IBE.MC,MCE,ES,EUR,55101010
Interactive Brokers Group Inc,US45841N1072,IBKR,,IBKR.OQ,NSM,US,USD,40203020
International Business Machines Corp,US4592001014,IBM,,IBM.N,NYS,US,USD,45102010
International Consolidated Airlines Group SA,ES0177542018,IAG.L,IAG.l,ICAG.L,LSE,GB,GBp,20302010
Intercontinental Exchange Inc,US45866F1049,ICE,,ICE.N,NYS,US,USD,40203040
ICG PLC,GB00BYT1DJ19,ICG.L,,ICGIN.L,LSE,GB,GBp,40203010
IDEXX Laboratories Inc,US45168D1046,IDXX,,IDXX.OQ,NSM,US,USD,35101010
IDEX Corp,US45167R1041,IEX,,IEX.N,NYS,US,USD,20106020
International Flavors & Fragrances Inc,US4595061015,IFF,,IFF.N,NYS,US,USD,15101050
Infineon Technologies AG,DE0006231004,IFX.DE,,IFXGn.DE,GER,DE,EUR,45301020
InterContinental Hotels Group PLC,GB00BHJYC057,IHG.L,,IHG.L,LSE,GB,USD,25301020
3i Group PLC,GB00B1YW4409,III.L,,III.L,LSE,GB,GBp,40203010
Imperial Brands PLC,GB0004544929,IMB.L,,IMB.L,LSE,GB,GBp,30203010
IMI PLC,GB00BGLP8L22,IMI.L,,IMI.L,LSE,GB,GBp,20106020
Incyte Corp,US45337C1027,INCY,,INCY.OQ,NSM,US,USD,35201010
Informa PLC,GB00BMJ6DW54,INF.L,,INF.L,LSE,GB,GBp,50201010
ING Groep NV,NL0011821202,INGA.AS,,INGA.AS,AEX,NL,EUR,40101010
Insmed Inc,US4576693075,INSM,,INSM.OQ,NSM,US,USD,35201010
International Seaways Inc,MHY410531021,INSW,INSW,INSW.K,NYQ,US,USD,10102040
Intel Corp,US4581401001,INTC,INTC,INTC.OQ,NSM,US,USD,45301020
Intuit Inc,US4612021034,INTU,,INTU.OQ,NSM,US,USD,45103010
Invitation Homes Inc,US46187W1071,INVH,,INVH.N,NYS,US,USD,60106020
International Paper Co,US4601461035,IP,,IP.N,NYS,US,USD,15103020
IQVIA Holdings Inc,US46266C1053,IQV,,IQV.N,NYS,US,USD,35203010
Ingersoll Rand Inc,US45687V1061,IR,,IR.N,NYS,US,USD,20106020
Iron Mountain Inc,US46284V1017,IRM,,IRM.N,NYS,US,USD,60108010
Intesa Sanpaolo SpA,IT0000072618,ISP.MI,,ISP.MI,MIL,IT,EUR,40101010
Intuitive Surgical Inc,US46120E6023,ISRG,,ISRG.OQ,NSM,US,USD,35101010
Gartner Inc,US3666511072,IT,,IT.N,NYS,US,USD,45102010
Intertek Group PLC,GB0031638363,ITRK.L,,ITRK.L,LSE,GB,GBp,20202020
Illinois Tool Works Inc,US4523081093,ITW,,ITW.N,NYS,US,USD,20106020
Industria de Diseno Textil SA,ES0148396007,ITX.MC,,ITX.MC,MCE,ES,EUR,25504010
Invesco Ltd,BMG491BT1088,IVZ,,IVZ.N,NYS,US,USD,40203010
Jacobs Solutions Inc,US46982L1089,J,,J.N,NYS,US,USD,20202020
J B Hunt Transport Services Inc,US4456581077,JBHT,JBHT,JBHT.OQ,NSM,US,USD,20304030
Jabil Inc,US4663131039,JBL,,JBL.N,NYS,US,USD,45203020
Johnson Controls International PLC,IE00BY7QL619,JCI,,JCI.N,NYS,IE,USD,20102010
JD Sports Fashion PLC,GB00BM8Q5M07,JD.L,,JD.L,LSE,GB,GBp,25504040
Jack Henry & Associates Inc,US4262811015,JKHY,,JKHY.OQ,NSM,US,USD,40201060
Johnson & Johnson,US4781601046,JNJ,,JNJ.N,NYS,US,USD,35202010
JPMorgan Chase & Co,US46625H1005,JPM,,JPM.N,NYS,US,USD,40101010
Keurig Dr Pepper Inc,US49271V1008,KDP,,KDP.OQ,NSM,US,USD,30201030
Kirby Corp,US4972661064,KEX,,KEX.N,NYS,US,USD,20303010
KeyCorp,US4932671088,KEY,,KEY.N,NYS,US,USD,40101010
Keysight Technologies Inc,US49338L1035,KEYS,,KEYS.N,NYS,US,USD,45203010
Kingfisher PLC,GB0033195214,KGF.L,,KGF.L,LSE,GB,GBp,25504030
Kraft Heinz Co,US5007541064,KHC,KHC,KHC.OQ,NSM,US,USD,30202030
Kimco Realty Corp,US49446R1095,KIM,,KIM.N,NYS,US,USD,60107010
KKR & Co Inc,US48251W1045,KKR,,KKR.N,NYS,US,USD,40203010
KLA Corp,US4824801009,KLAC,,KLAC.OQ,NSM,US,USD,45301010
Kimberly-Clark Corp,US4943681035,KMB,,KMB.OQ,NSM,US,USD,30301010
Kinder Morgan Inc,US49456B1017,KMI,,KMI.N,NYS,US,USD,10102040
Coca-Cola Co,US1912161007,KO,KO,KO.N,NYS,US,USD,30201030
Kroger Co,US5010441013,KR,KR,KR.N,NYS,US,USD,30101030
Kenvue Inc,US49177J1025,KVUE,,KVUE.N,NYS,US,USD,30302010
Loews Corp,US5404241086,L,,L.N,NYS,US,USD,40301040
Land Securities Group PLC,GB00BYW0PQ60,LAND.L,,LAND.L,LSE,GB,GBp,60101010
Leidos Holdings Inc,US5253271028,LDOS,,LDOS.N,NYS,US,USD,20202020
Legrand SA,FR0010307819,LR.PA,,LEGD.PA,PAR,FR,EUR,20104010
Lennar Corp,US5260571048,LEN,,LEN.N,NYS,US,USD,25201030
Legal & General Group PLC,GB0005603997,LGEN.L,,LGEN.L,LSE,GB,GBp,40301020
Labcorp Holdings Inc,US5049221055,LH,,LH.N,NYS,US,USD,35102015
L3Harris Technologies Inc,US5024311095,LHX,,LHX.N,NYS,US,USD,20101010
Lennox International Inc,US5261071071,LII,,LII.N,NYS,US,USD,20102010
Linde PLC,IE000S9YS762,LIN,,LIN.OQ,NSM,GB,USD,15101040
Lloyds Banking Group PLC,GB0008706128,LLOY.L,,LLOY.L,LSE,GB,GBp,40101010
Eli Lilly and Co,US5324571083,LLY,,LLY.N,NYS,US,USD,35202010
Liberty Live Holdings Inc,US5309093087,LLYVK,LLYVK,LLYVK.OQ,NSM,US,USD,25302020
LondonMetric Property PLC,GB00B4WFW713,LMP.L,,LMPL.L,LSE,GB,GBp,60102510
Lockheed Martin Corp,US5398301094,LMT,LMT,LMT.N,NYS,US,USD,20101010
Alliant Energy Corp,US0188021085,LNT,,LNT.OQ,NSM,US,USD,55101010
Lowe's Companies Inc,US5486611073,LOW,,LOW.N,NYS,US,USD,25504030
Louisiana-Pacific Corp,US5463471053,LPX,,LPX.N,NYS,US,USD,15105010
Lam Research Corp,US5128073062,LRCX,,LRCX.OQ,NSM,US,USD,45301010
London Stock Exchange Group PLC,GB00B0SWJX34,LSEG.L,,LSEG.L,LSE,GB,GBp,40203040
Landstar System Inc,US5150981018,LSTR,LSTR,LSTR.O,NSQ,US,USD,20304030
Lululemon Athletica Inc,US5500211090,LULU,,LULU.OQ,NSM,CA,USD,25203010
Southwest Airlines Co,US8447411088,LUV,,LUV.N,NYS,US,USD,20302010
LVMH Moet Hennessy Louis Vuitton SE,FR0000121014,MC.PA,,LVMH.PA,PAR,FR,EUR,25203010
Las Vegas Sands Corp,US5178341070,LVS,,LVS.N,NYS,US,USD,25301010
Lamb Weston Holdings Inc,US5132721045,LW,,LW.N,NYS,US,USD,30202030
LyondellBasell Industries NV,NL0009434992,LYB,,LYB.N,NYS,GB,USD,15101010
Live Nation Entertainment Inc,US5380341090,LYV,,LYV.N,NYS,US,USD,50202010
Mastercard Inc,US57636Q1040,MA,MA,MA.N,NYS,US,USD,40201060
Mid-America Apartment Communities Inc,US59522J1034,MAA,,MAA.N,NYS,US,USD,60106010
Manhattan Associates Inc,US5627501092,MANH,,MANH.O,NSQ,US,USD,45103010
Marriott International Inc,US5719032022,MAR,,MAR.OQ,NSM,US,USD,25301020
Masco Corp,US5745991068,MAS,,MAS.N,NYS,US,USD,20102010
Mercedes-Benz Group AG,DE0007100000,MBG.DE,,MBGn.DE,GER,DE,EUR,25102010
McDonald's Corp,US5801351017,MCD,,MCD.N,NYS,US,USD,25301040
Microchip Technology Inc,US5950171042,MCHP,,MCHP.OQ,NSM,US,USD,45301020
McKesson Corp,US58155Q1031,MCK,,MCK.N,NYS,US,USD,35102010
Moody's Corp,US6153691059,MCO,MCO,MCO.N,NYS,US,USD,40203040
Mondelez International Inc,US6092071058,MDLZ,,MDLZ.OQ,NSM,US,USD,30202030
Medtronic PLC,IE00BTN1Y115,MDT,,MDT.N,NYS,IE,USD,35101010
MercadoLibre Inc,US58733R1023,MELI,,MELI.OQ,NSM,UY,USD,25503030
MetLife Inc,US59156R1086,MET,,MET.N,NYS,US,USD,40301020
Meta Platforms Inc,US30303M1027,META,META,META.OQ,NSM,US,USD,50203010
MGM Resorts International,US5529531015,MGM,,MGM.N,NYS,US,USD,25301010
Compagnie Generale des Etablissements Michelin SCA,FR001400AJ45,ML.PA,,MICP.PA,PAR,FR,EUR,25101020
McCormick & Company Inc,US5797802064,MKC,,MKC.N,NYS,US,USD,30202030
Marks and Spencer Group PLC,GB0031274896,MKS.L,,MKS.L,LSE,GB,GBp,30101030
Martin Marietta Materials Inc,US5732841060,MLM,,MLM.N,NYS,US,USD,15102010
3M Co,US88579Y1010,MMM,,MMM.N,NYS,US,USD,20105010
Mondi PLC,GB00BMWC6P49,MNDI.L,,MNDI.L,LSE,GB,GBp,15105020
M&G PLC,GB00BKFB1C65,MNG.L,,MNG.L,LSE,GB,GBp,40201020
Monster Beverage Corp,US61174X1090,MNST,,MNST.OQ,NSM,US,USD,30201030
Altria Group Inc,US02209S1033,MO,,MO.N,NYS,US,USD,30203010
Molina Healthcare Inc,US60855R1005,MOH,,MOH.N,NYS,US,USD,35102030
Mosaic Co,US61945C1036,MOS,,MOS.N,NYS,US,USD,15101030
Marathon Petroleum Corp,US56585A1025,MPC,,MPC.N,NYS,US,USD,10102030
Monolithic Power Systems Inc,US6098391054,MPWR,,MPWR.OQ,NSM,US,USD,45301020
Merck KGaA,DE0006599905,MRK.DE,,MRCG.DE,GER,DE,EUR,35202010
Merck & Co Inc,US58933Y1055,MRK,,MRK.N,NYS,US,USD,35202010
Moderna Inc,US60770K1079,MRNA,,MRNA.OQ,NSM,US,USD,35201010
Melrose Industries PLC,GB00BNGDN821,MRO.L,,MRON.L,LSE,GB,GBp,20101010
Marsh & McLennan Companies Inc,US5717481023,MMC,,MRSH.N,NYS,US,USD,40301010
Marvell Technology Inc,US5738741041,MRVL,,MRVL.OQ,NSM,US,USD,45301020
Morgan Stanley,US6174464486,MS,,MS.N,NYS,US,USD,40203020
MSCI Inc,US55354G1004,MSCI,,MSCI.N,NYS,US,USD,40203040
Microsoft Corp,US5949181045,MSFT,MSFT,MSFT.OQ,NSM,US,USD,45103020
Motorola Solutions Inc,US6200763075,MSI,,MSI.N,NYS,US,USD,45201020
Strategy Inc,US5949724083,MSTR,,MSTR.OQ,NSM,US,USD,45103010
ArcelorMittal SA,LU1598757687,MT.AS,,MT.AS,AEX,LU,EUR,15104050
M&T Bank Corp,US55261F1049,MTB,,MTB.N,NYS,US,USD,40101015
Match Group Inc,US57667L1070,MTCH,,MTCH.OQ,NSM,US,USD,50203010
Mettler-Toledo International Inc,US5926881054,MTD,,MTD.N,NYS,US,USD,35203010
Metlen Energy & Metals PLC,GB00BTQGS779,MTLN.L,,MTLN.L,LSE,GB,EUR,20105010
MTU Aero Engines AG,DE000A0D9PT0,MTX.DE,,MTXGn.DE,GER,DE,EUR,20101010
Micron Technology Inc,US5951121038,MU,MU,MU.OQ,NSM,US,USD,45301020
Muenchener Rueckversicherungs-Gesellschaft in Muenchen AG,DE0008430026,MUV2.DE,,MUVGn.DE,GER,DE,EUR,40301050
Norwegian Cruise Line Holdings Ltd,BMG667211046,NCLH,,NCLH.N,NYS,US,USD,25301020
Nordea Bank Abp,FI4000297767,NDA-FI.HE,,NDAFI.HE,HEX,FI,EUR,40101010
Nasdaq Inc,US6311031081,NDAQ,,NDAQ.OQ,NSM,US,USD,40203040
Nordson Corp,US6556631025,NDSN,,NDSN.OQ,NSM,US,USD,20106020
Nextera Energy Inc,US65339F1012,NEE,,NEE.N,NYS,US,USD,55101010
Newmont Corporation,US6516391066,NEM,,NEM.N,NYS,US,USD,15104030
Netflix Inc,US64110L1061,NFLX,NFLX,NFLX.OQ,NSM,US,USD,50202010
National Grid PLC,GB00BDR05C01,NG.L,,NG.L,LSE,GB,GBp,55103010
NiSource Inc,US65473P1057,NI,,NI.N,NYS,US,USD,55103010
Nike Inc,US6541061031,NKE,NKE,NKE.N,NYS,US,USD,25203020
Northrop Grumman Corp,US6668071029,NOC,,NOC.N,NYS,US,USD,20101010
ServiceNow Inc,US81762P1021,NOW,NOW,NOW.N,NYS,US,USD,45103020
NRG Energy Inc,US6293775085,NRG,,NRG.N,NYS,US,USD,55101010
Norfolk Southern Corp,US6558441084,NSC,NSC,NSC.N,NYS,US,USD,20304010
NetApp Inc,US64110D1046,NTAP,,NTAP.OQ,NSM,US,USD,45202030
Northern Trust Corp,US6658591044,NTRS,,NTRS.OQ,NSM,US,USD,40203010
Nu Holdings Ltd,KYG6683N1034,NU,,NU.N,NYS,BR,USD,40101010
Nucor Corp,US6703461052,NUE,,NUE.N,NYS,US,USD,15104050
NVIDIA Corp,US67066G1040,NVDA,NVDA,NVDA.OQ,NSM,US,USD,45301020
NVR Inc,US62944T1051,NVR,,NVR.N,NYS,US,USD,25201030
NatWest Group PLC,GB00BM8PJY71,NWG.L,,NWG.L,LSE,GB,GBp,40101010
News Corp (Class B),US65249B2088,NWS,,NWS.OQ,NSM,US,USD,50201040
News Corp (Class A),US65249B1098,NWSA,,NWSA.OQ,NSM,US,USD,50201040
NXP Semiconductors NV,NL0009538784,NXPI,,NXPI.OQ,NSM,NL,USD,45301020
Next PLC,GB0032089863,NXT.L,,NXT.L,LSE,GB,GBp,25503030
Realty Income Corp,US7561091049,O,,O.N,NYS,US,USD,60107010
Old Dominion Freight Line Inc,US6795801009,ODFL,ODFL,ODFL.OQ,NSM,US,USD,20304030
ONEOK Inc,US6826801036,OKE,,OKE.N,NYS,US,USD,10102040
Omnicom Group Inc,US6819191064,OMC,,OMC.N,NYS,US,USD,50201010
ON Semiconductor Corp,US6821891057,ON,,ON.OQ,NSM,US,USD,45301020
Orange SA,FR0000133308,ORA.PA,,ORAN.PA,PAR,FR,EUR,50101020
Oracle Corp,US68389X1054,ORCL,ORCL,ORCL.N,NYS,US,USD,45103020
L'Oreal SA,FR0000120321,OR.PA,,OREP.PA,PAR,FR,EUR,30302010
O'Reilly Automotive Inc,US67103H1077,ORLY,,ORLY.OQ,NSM,US,USD,25504050
Otis Worldwide Corp,US68902V1070,OTIS,,OTIS.N,NYS,US,USD,20106020
Occidental Petroleum Corp,US6745991058,OXY,OXY,OXY.N,NYS,US,USD,10102010
Palo Alto Networks Inc,US6974351057,PANW,PANW,PANW.OQ,NSM,US,USD,45103020
Paycom Software Inc,US70432V1026,PAYC,,PAYC.N,NYS,US,USD,20202010
Paychex Inc,US7043261079,PAYX,,PAYX.OQ,NSM,US,USD,20202010
Paccar Inc,US6937181088,PCAR,,PCAR.OQ,NSM,US,USD,20106010
PG&E Corp,US69331C1080,PCG,,PCG.N,NYS,US,USD,55101010
PDD Holdings Inc,US7223041028,PDD,PDD,PDD.OQ,NSM,IE,USD,25503030
Public Service Enterprise Group Inc,US7445731067,PEG,,PEG.N,NYS,US,USD,55103010
PepsiCo Inc,US7134481081,PEP,,PEP.OQ,NSM,US,USD,30201030
Pernod Ricard SA,FR0000120693,RI.PA,,PERP.PA,PAR,FR,EUR,30201020
Pfizer Inc,US7170811035,PFE,,PFE.N,NYS,US,USD,35202010
Principal Financial Group Inc,US74251V1026,PFG,,PFG.OQ,NSM,US,USD,40301020
Procter & Gamble Co,US7427181091,PG,,PG.N,NYS,US,USD,30301010
Progressive Corp,US7433151039,PGR,,PGR.N,NYS,US,USD,40301040
Parker-Hannifin Corp,US7010941042,PH,,PH.N,NYS,US,USD,20106020
Pultegroup Inc,US7458671010,PHM,,PHM.N,NYS,US,USD,25201030
Phoenix Group Holdings PLC,GB00BGXQNP29,PHNX.L,,PHNX.L,LSE,GB,GBp,40301020
Packaging Corp of America,US6951561090,PKG,,PKG.N,NYS,US,USD,15103020
Prologis Inc,US74340W1036,PLD,,PLD.N,NYS,US,USD,60102510
Palantir Technologies Inc,US69608A1088,PLTR,PLTR,PLTR.OQ,NSM,US,USD,45103010
Philip Morris International Inc,US7181721090,PM,,PM.N,NYS,US,USD,30203010
PNC Financial Services Group Inc,US6934751057,PNC,,PNC.N,NYS,US,USD,40101010
Pentair PLC,IE00BLS09M33,PNR,,PNR.N,NYS,GB,USD,20106020
Pinnacle West Capital Corp,US7234841010,PNW,,PNW.N,NYS,US,USD,55101010
Insulet Corp,US45784P1012,PODD,,PODD.OQ,NSM,US,USD,35101010
Pool Corp,US73278L1052,POOL,,POOL.OQ,NSM,US,USD,25501010
PPG Industries Inc,US6935061076,PPG,,PPG.N,NYS,US,USD,15101050
PPL Corp,US69351T1060,PPL,,PPL.N,NYS,US,USD,55101010
Kering SA,FR0000121485,KER.PA,,PRTP.PA,PAR,FR,EUR,25203010
Prudential PLC,GB0007099541,PRU.L,,PRU.L,LSE,GB,GBp,40301020
Prudential Financial Inc,US7443201022,PRU,,PRU.N,NYS,US,USD,40301020
Prosus NV,NL0013654783,PRX.AS,,PRX.AS,AEX,NL,EUR,25503030
Public Storage,US74460D1090,PSA,,PSA.N,NYS,US,USD,60108020
Porsche Automobil Holding SE,DE000PAH0038,PAH3.DE,,PSHG_p.DE,GER,DE,EUR,25102010
Paramount Skydance Corp,US69932A2042,PSKY,,PSKY.OQ,NSM,US,USD,50201020
Persimmon PLC,GB0006825383,PSN.L,,PSN.L,LSE,GB,GBp,25201030
Pearson PLC,GB0006776081,PSON.L,,PSON.L,LSE,GB,GBp,25302010
Phillips 66,US7185461040,PSX,,PSX.N,NYS,US,USD,10102030
PTC Inc,US69370C1009,PTC,,PTC.OQ,NSM,US,USD,45103010
Publicis Groupe SA,FR0000130577,PUB.PA,,PUBP.PA,PAR,FR,EUR,50201010
Quanta Services Inc,US74762E1029,PWR,,PWR.N,NYS,US,USD,20103010
PayPal Holdings Inc,US70450Y1038,PYPL,,PYPL.OQ,NSM,US,USD,40201060
Qnity Electronics Inc,US74743L1008,Q,,Q.N,NYS,US,USD,45301010
Qualcomm Inc,US7475251036,QCOM,QCOM,QCOM.OQ,NSM,US,USD,45301020
Qiagen NV,NL0015002SN0,QIA.DE,,QIA.DE,GER,NL,EUR,35203010
Ryder System Inc,US7835491082,R,,R.N,NYS,US,USD,20304030
Ferrari NV,NL0011585146,RACE.MI,,RACE.MI,MIL,IT,EUR,25102010
Royal Caribbean Cruises Ltd,LR0008862868,RCL,,RCL.N,NYS,US,USD,25301020
Regency Centers Corp,US7588491032,REG,,REG.OQ,NSM,US,USD,60107010
Regeneron Pharmaceuticals Inc,US75886F1075,REGN,,REGN.OQ,NSM,US,USD,35201010
RELX PLC,GB00B2B0DG97,REL.L,,REL.L,LSE,GB,GBp,20202020
Renault SA,FR0000131906,RNO.PA,,RENA.PA,PAR,FR,EUR,25102010
Regions Financial Corp,US7591EP1005,RF,,RF.N,NYS,US,USD,40101015
Rheinmetall AG,DE0007030009,RHM.DE,RHM.DE,RHMG.DE,GER,DE,EUR,20101010
Rio Tinto PLC,GB0007188757,RIO.L,,RIO.L,LSE,GB,GBp,15104020
Raymond James Financial Inc,US7547301090,RJF,,RJF.N,NYS,US,USD,40203020
Reckitt Benckiser Group PLC,GB00BSZBP530,RKT.L,,RKT.L,LSE,GB,GBp,30301010
Ralph Lauren Corp,US7512121010,RL,,RL.N,NYS,US,USD,25203010
Resmed Inc,US7611521078,RMD,,RMD.N,NYS,US,USD,35101010
Rightmove PLC,GB00BGDT3G23,RMV.L,,RMV.L,LSE,GB,GBp,50203010
Rockwell Automation Inc,US7739031091,ROK,,ROK.N,NYS,US,USD,20104010
Rollins Inc,US7757111049,ROL,,ROL.N,NYS,US,USD,20201050
Roper Technologies Inc,US7766961061,ROP,,ROP.OQ,NSM,US,USD,45103010
Ross Stores Inc,US7782961038,ROST,,ROST.OQ,NSM,US,USD,25504010
Rolls-Royce Holdings PLC,GB00B63H8491,RR.L,,RR.L,LSE,GB,GBp,20101010
Republic Services Inc,US7607591002,RSG,,RSG.N,NYS,US,USD,20201050
Rentokil Initial PLC,GB00B082RF11,RTO.L,,RTO.L,LSE,GB,GBp,20201050
RTX Corp,US75513E1010,RTX,,RTX.N,NYS,US,USD,20101010
Revvity Inc,US7140461093,RVTY,,RVTY.N,NYS,US,USD,35203010
RWE AG,DE0007037129,RWE.DE,,RWEG.DE,GER,DE,EUR,55105010
Safran SA,FR0000073272,SAF.PA,SAF,SAF.PA,PAR,FR,EUR,20101010
Saia Inc,US78709Y1055,SAIA,SAIA,SAIA.OQ,NSM,US,USD,20304030
Banco Santander SA,ES0113900J37,SAN.MC,,SAN.MC,MCE,ES,EUR,40101010
SAP SE,DE0007164600,SAP.DE,,SAPG.DE,GER,DE,EUR,45103010
Sanofi SA,FR0000120578,SAN.PA,,SASY.PA,PAR,FR,EUR,35202010
SBA Communications Corp,US78410G1040,SBAC,,SBAC.OQ,NSM,US,USD,60108030
Star Bulk Carriers Corp,MHY8162K2046,SBLK,SBLK,SBLK.O,NSQ,GR,USD,20303010
J Sainsbury PLC,GB00B019KW72,SBRY.L,,SBRY.L,LSE,GB,GBp,30101030
Starbucks Corp,US8552441094,SBUX,,SBUX.OQ,NSM,US,USD,25301040
Schneider Electric SE,FR0000121972,SU.PA,,SCHN.PA,PAR,FR,EUR,20104010
Charles Schwab Corp,US8085131055,SCHW,,SCHW.N,NYS,US,USD,40203020
Schroders PLC,GB00BP9LHF23,SDR.L,,SDR.L,LSE,GB,GBp,40203010
Sage Group PLC,GB00B8C3BL03,SGE.L,,SGE.L,LSE,GB,GBp,45103010
Vinci SA,FR0000125486,DG.PA,,SGEF.PA,PAR,FR,EUR,20103010
Compagnie de Saint Gobain SA,FR0000125007,SGO.PA,,SGOB.PA,PAR,FR,EUR,20102010
SEGRO PLC,GB00B5ZN1N88,SGRO.L,,SGRO.L,LSE,GB,GBp,60102510
Shell PLC,GB00BP6MXD84,SHEL.L,,SHEL.L,LSE,GB,GBp,10102010
Siemens Healthineers AG,DE000SHL1006,SHL.DE,,SHLG.DE,GER,DE,EUR,35101010
Shopify Inc,CA82509L1076,SHOP,,SHOP.OQ,NSM,CA,USD,45102030
Sherwin-Williams Co,US8243481061,SHW,,SHW.N,NYS,US,USD,15101050
Siemens AG,DE0007236101,SIE.DE,,SIEGn.DE,GER,DE,EUR,20105010
Sirius XM Holdings Inc,US8299331004,SIRI,SIRI,SIRI.O,NSQ,US,USD,50201030
J M Smucker Co,US8326964058,SJM,,SJM.N,NYS,US,USD,30202030
St James's Place PLC,GB0007669376,STJ.L,,SJP.L,LSE,GB,GBp,40203010
Slb NV,AN8068571086,SLB,,SLB.N,NYS,US,USD,10101020
Super Micro Computer Inc,US86800U3023,SMCI,,SMCI.OQ,NSM,US,USD,45202030
Smiths Group PLC,GB00B1WY2338,SMIN.L,,SMIN.L,LSE,GB,GBp,20105010
Smith & Nephew PLC,GB0009223206,SN.L,,SN.L,LSE,GB,GBp,35101010
Snap-On Inc,US8330341012,SNA,,SNA.N,NYS,US,USD,20106020
Sandisk Corp,US80004C2008,SNDK,,SNDK.OQ,NSM,US,USD,45202030
Snowflake Inc,US8334451098,SNOW,SNOW,SNOW.K,NYQ,US,USD,45102030
Synopsys Inc,US8716071076,SNPS,,SNPS.OQ,NSM,US,USD,45103010
Southern Co,US8425871071,SO,,SO.N,NYS,US,USD,55101010
Societe Generale SA,FR0000130809,GLE.PA,,SOGN.PA,PAR,FR,EUR,40101010
Solvay SA,BE0003470755,SOLB.BR,SOLB.BR,SOLB.BR,BRU,BE,EUR,15101020
Solventum Corp,US83444M1018,SOLV,,SOLV.N,NYS,US,USD,35101020
Simon Property Group Inc,US8288061091,SPG,,SPG.N,NYS,US,USD,60107010
S&P Global Inc,US78409V1044,SPGI,,SPGI.N,NYS,US,USD,40203040
Spirax Group PLC,GB00BWFGQN14,SPX.L,,SPX.L,LSE,GB,GBp,20106020
Sempra,US8168511090,SRE,,SRE.N,NYS,US,USD,55103010
SSE PLC,GB0007908733,SSE.L,,SSE.L,LSE,GB,GBp,55101010
Standard Chartered PLC,GB0004082847,STAN.L,,STAN.L,LSE,GB,GBp,40101010
STERIS plc,IE00BFY8C754,STE,,STE.N,NYS,IE,USD,35101010
Stellantis NV,NL00150001Q9,STLAM.MI,,STLAM.MI,MIL,NL,EUR,25102010
Steel Dynamics Inc,US8581191009,STLD,,STLD.OQ,NSM,US,USD,15104050
STMicroelectronics NV,NL0000226223,STMMI.MI,,STMMI.MI,MIL,NL,EUR,45301020
State Street Corp,US8574771031,STT,,STT.N,NYS,US,USD,40203010
Seagate Technology Holdings PLC,IE00BKVD2N49,STX,,STX.OQ,NSM,SG,USD,45202030
Constellation Brands Inc,US21036P1084,STZ,,STZ.N,NYS,US,USD,30201020
Severn Trent PLC,GB00B1FH8J72,SVT.L,,SVT.L,LSE,GB,GBp,55104010
Smurfit WestRock PLC,IE00028FXN24,SW,,SW.N,NYS,IE,USD,15103020
Stanley Black & Decker Inc,US8545021011,SWK,,SWK.N,NYS,US,USD,20106020
Skyworks Solutions Inc,US83088M1027,SWKS,,SWKS.OQ,NSM,US,USD,45301020
Symrise AG,DE000SYM9999,SY1.DE,,SY1G.DE,GER,DE,EUR,15101050
Synchrony Financial,US87165B1035,SYF,,SYF.N,NYS,US,USD,40202010
Stryker Corp,US8636671013,SYK,,SYK.N,NYS,US,USD,35101010
Sysco Corp,US8718291078,SYY,,SYY.N,NYS,US,USD,30101020
AT&T Inc,US00206R1023,T,,T.N,NYS,US,USD,50101020
Molson Coors Beverage Co,US60871R2094,TAP,,TAP.N,NYS,US,USD,30201010
Thales SA,FR0000121329,HO.PA,,TCFP.PA,PAR,FR,EUR,20101010
TransDigm Group Inc,US8936411003,TDG,,TDG.N,NYS,US,USD,20101010
Teledyne Technologies Inc,US8793601050,TDY,,TDY.N,NYS,US,USD,45203010
Atlassian Corp,US0494681010,TEAM,,TEAM.OQ,NSM,AU,USD,45103010
Bio-Techne Corp,US09073M1045,TECH,,TECH.OQ,NSM,US,USD,35203010
TE Connectivity PLC,IE000IVNQZ81,TEL,,TEL.N,NYS,IE,USD,45203020
Teradyne Inc,US8807701029,TER,,TER.OQ,NSM,US,USD,45301010
Truist Financial Corp,US89832Q1094,TFC,,TFC.N,NYS,US,USD,40101015
Target Corp,US87612E1064,TGT,,TGT.N,NYS,US,USD,30101040
TJX Companies Inc,US8725401090,TJX,,TJX.N,NYS,US,USD,25504010
TKO Group Holdings Inc,US87256C1018,TKO,,TKO.N,NYS,US,USD,50202010
Thermo Fisher Scientific Inc,US8835561023,TMO,TMO,TMO.N,NYS,US,USD,35203010
T-Mobile US Inc,US8725901040,TMUS,TMUS,TMUS.OQ,NSM,US,USD,50102010
Texas Pacific Land Corp,US88262P1021,TPL,,TPL.N,NYS,US,USD,10102020
Tapestry Inc,US8760301072,TPR,,TPR.N,NYS,US,USD,25203010
Targa Resources Corp,US87612G1013,TRGP,,TRGP.N,NYS,US,USD,10102040
Thomson Reuters Corp,CA8849038085,TRI.TO,,TRI.TO,TOR,CA,CAD,20202020
Trimble Inc,US8962391004,TRMB,,TRMB.OQ,NSM,US,USD,45103010
T Rowe Price Group Inc,US74144T1088,TROW,,TROW.OQ,NSM,US,USD,40203010
Travelers Companies Inc,US89417E1091,TRV,,TRV.N,NYS,US,USD,40301040
Tesco PLC,GB00BLGZ9862,TSCO.L,,TSCO.L,LSE,GB,GBp,30101030
Tractor Supply Co,US8923561067,TSCO,,TSCO.OQ,NSM,US,USD,25504040
Tesla Inc,US88160R1014,TSLA,TSLA,TSLA.OQ,NSM,US,USD,25102010
Taiwan Semiconductor Manufacturing Co Ltd,US8740391003,TSM,TSM,TSM.N,NYS,TW,USD,45301020
Tyson Foods Inc,US9024941034,TSN,,TSN.N,NYS,US,USD,30202030
Trane Technologies PLC,IE00BK9ZQ967,TT,,TT.N,NYS,IE,USD,20102010
Trade Desk Inc,US88339J1051,TTD,,TTD.OQ,NMS,US,USD,50201010
TotalEnergies SE,FR0000120271,TTE.PA,,TTEF.PA,PAR,FR,EUR,10102010
Take-Two Interactive Software Inc,US8740541094,TTWO,,TTWO.OQ,NSM,US,USD,50202020
Texas Instruments Inc,US8825081040,TXN,,TXN.OQ,NSM,US,USD,45301020
Textron Inc,US8832031012,TXT,,TXT.N,NYS,US,USD,20101010
Tyler Technologies Inc,US9022521051,TYL,,TYL.N,NYS,US,USD,45103010
United Airlines Holdings Inc,US9100471096,UAL,,UAL.OQ,NSM,US,USD,20302010
Uber Technologies Inc,US90353T1007,UBER,UBER,UBER.N,NYS,US,USD,20304040
UBS Group AG,CH0244767585,UBSG.SW,UBS,UBSG.S,VTX,CH,CHF,40203030
UDR Inc,US9026531049,UDR,,UDR.N,NYS,US,USD,60106010
Universal Health Services Inc,US9139031002,UHS,,UHS.N,NYS,US,USD,35102020
Ulta Beauty Inc,US90384S3031,ULTA,,ULTA.OQ,NSM,US,USD,25504040
Unilever PLC,GB00BVZK7T90,ULVR.L,,ULVR.L,LSE,GB,GBp,30302010
UnitedHealth Group Inc,US91324P1021,UNH,,UNH.N,NYS,US,USD,35102030
Union Pacific Corp,US9078181081,UNP,UNP,UNP.N,NYS,US,USD,20304010
United Parcel Service Inc,US9113121068,UPS,UPS,UPS.N,NYS,US,USD,20301010
United Rentals Inc,US9113631090,URI,,URI.N,NYS,US,USD,20107010
Unibail-Rodamco-Westfield SE,FR0013326246,URW.PA,,URW.PA,PAR,FR,EUR,60107010
US Bancorp,US9029733048,USB,,USB.N,NYS,US,USD,40101010
United Utilities Group PLC,GB00B39J2M42,UU.L,,UU.L,LSE,GB,GBp,55104010
Visa Inc,US92826C8394,V,V,V.N,NYS,US,USD,40201060
VICI Properties Inc,US9256521090,VICI,,VICI.N,NYS,US,USD,60108010
Veolia Environnement SA,FR0000124141,VIE.PA,VIE,VIE.PA,PAR,FR,EUR,55103010
Valero Energy Corp,US91913Y1001,VLO,,VLO.N,NYS,US,USD,10102030
Veralto Corp,US92338C1036,VLTO,,VLTO.N,NYS,US,USD,20201050
Vulcan Materials Co,US9291601097,VMC,,VMC.N,NYS,US,USD,15102010
Vonovia SE,DE000A1ML7J1,VNA.DE,,VNAn.DE,GER,DE,EUR,60201020
Vodafone Group PLC,GB00BH4HKS39,VOD.L,,VOD.L,LSE,GB,GBp,50102010
Volkswagen AG,DE0007664039,VOW3.DE,,VOWG_p.DE,GER,DE,EUR,25102010
Verisk Analytics Inc,US92345Y1064,VRSK,,VRSK.OQ,NSM,US,USD,20202020
"VeriSign, Inc",US92343E1029,VRSN,VRSN,VRSN.OQ,NSM,US,USD,45102030
Vertex Pharmaceuticals Inc,US92532F1003,VRTX,,VRTX.OQ,NSM,US,USD,35201010
Vistra Corp,US92840M1027,VST,,VST.N,NYS,US,USD,55105010
Ventas Inc,US92276F1003,VTR,,VTR.N,NYS,US,USD,60105010
Viatris Inc,US92556V1061,VTRS,,VTRS.OQ,NSM,US,USD,35202010
Verizon Communications Inc,US92343V1044,VZ,,VZ.N,NYS,US,USD,50101020
Westinghouse Air Brake Technologies Corp,US9297401088,WAB,,WAB.N,NYS,US,USD,20106010
Waters Corp,US9418481035,WAT,,WAT.N,NYS,US,USD,35203010
Warner Bros Discovery Inc,US9344231041,WBD,,WBD.OQ,NSM,US,USD,50202010
Workday Inc,US98138H1014,WDAY,,WDAY.OQ,NSM,US,USD,45103010
Western Digital Corp,US9581021055,WDC,,WDC.OQ,NSM,US,USD,45202030
WEC Energy Group Inc,US92939U1060,WEC,,WEC.N,NYS,US,USD,55103010
Weir Group PLC,GB0009465807,WEIR.L,,WEIR.L,LSE,GB,GBp,20106020
Welltower Inc,US95040Q1040,WELL,,WELL.N,NYS,US,USD,60105010
Wells Fargo & Co,US9497461015,WFC,,WFC.N,NYS,US,USD,40101010
Wolters Kluwer NV,NL0000395903,WKL.AS,,WLSNc.AS,AEX,NL,EUR,20202020
Waste Management Inc,US94106L1098,WM,,WM.N,NYS,US,USD,20201050
Williams Companies Inc,US9694571004,WMB,,WMB.N,NYS,US,USD,10102040
Walmart Inc,US9311421039,WMT,,WMT.OQ,NSM,US,USD,30101040
W R Berkley Corp,US0844231029,WRB,,WRB.N,NYS,US,USD,40301040
Williams-Sonoma Inc,US9699041011,WSM,,WSM.N,NYS,US,USD,25504060
West Pharmaceutical Services Inc,US9553061055,WST,,WST.N,NYS,US,USD,35203010
Whitbread PLC,GB00B1KJJ408,WTB.L,,WTB.L,LSE,GB,GBp,25301020
Willis Towers Watson PLC,IE00BDB6Q211,WTW,,WTW.OQ,NSM,GB,USD,40301010
Weyerhaeuser Co,US9621661043,WY,,WY.N,NYS,US,USD,60108040
Wynn Resorts Ltd,US9831341071,WYNN,,WYNN.OQ,NSM,US,USD,25301010
Xcel Energy Inc,US98389B1008,XEL,,XEL.OQ,NSM,US,USD,55101010
Exxon Mobil Corp,US30231G1022,XOM,,XOM.N,NYS,US,USD,10102010
Xylem Inc,US98419M1009,XYL,,XYL.N,NYS,US,USD,20106020
Block Inc,US8522341036,XYZ,,XYZ.N,NYS,US,USD,40201060
Yum! Brands Inc,US9884981013,YUM,,YUM.N,NYS,US,USD,25301040
Zalando SE,DE000ZAL1111,ZAL.DE,,ZALG.DE,GER,DE,EUR,25504010
Zimmer Biomet Holdings Inc,US98956P1021,ZBH,,ZBH.N,NYS,US,USD,35101010
Zebra Technologies Corp,US9892071054,ZBRA,,ZBRA.OQ,NSM,US,USD,45203010
Zscaler Inc,US98980G1022,ZS,,ZS.OQ,NSM,US,USD,45103020
Zoetis Inc,US98978V1035,ZTS,,ZTS.N,NYS,US,USD,35202010
